Story,OutputCase,CaseType,StepType,StepNumber,Location,P,VX,VY,T,MX,MY
Story18,Ex,LinStatic,Step By Step,1,Top,0,-102.4517,-0.0389,1636.5689,0,0
Story18,Ex,LinStatic,Step By Step,1,Bottom,0,-102.4517,-0.0389,1636.5689,0.1167,-307.3551
Story18,Ex,LinStatic,Step By Step,2,Top,0,-102.449,0.0243,1730.7393,0,0
Story18,Ex,LinStatic,Step By Step,2,Bottom,0,-102.449,0.0243,1730.7393,-0.0729,-307.3469
Story18,Ex,LinStatic,Step By Step,3,Top,0,-102.4544,-0.1021,1542.3985,0,0
Story18,Ex,LinStatic,Step By Step,3,Bottom,0,-102.4544,-0.1021,1542.3985,0.3062,-307.3633
Story18,Ey,LinStatic,Step By Step,1,Top,0,-0.0373,-103.5617,-3346.854,0,0
Story18,Ey,LinStatic,Step By Step,1,Bottom,0,-0.0373,-103.5617,-3346.854,310.685,-0.112
Story18,Ey,LinStatic,Step By Step,2,Top,0,-0.0401,-103.6248,-3441.0244,0,0
Story18,Ey,LinStatic,Step By Step,2,Bottom,0,-0.0401,-103.6248,-3441.0244,310.8745,-0.1202
Story18,Ey,LinStatic,Step By Step,3,Top,0,-0.0346,-103.4985,-3252.6836,0,0
Story18,Ey,LinStatic,Step By Step,3,Bottom,0,-0.0346,-103.4985,-3252.6836,310.4954,-0.1038
Story18,Qx,LinRespSpec,Max,,Top,0,164.1776,13.658,3212.588,0,0
Story18,Qx,LinRespSpec,Max,,Bottom,0,164.1776,13.658,3212.588,40.974,492.5327
Story18,Qy,LinRespSpec,Max,,Top,0,10.1063,117.7173,2821.1706,0,0
Story18,Qy,LinRespSpec,Max,,Bottom,0,10.1063,117.7173,2821.1706,353.1519,30.3188
Story18,Qx-Servicio (R=6),LinRespSpec,Max,,Top,0,98.8359,8.2222,1933.9971,0,0
Story18,Qx-Servicio (R=6),LinRespSpec,Max,,Bottom,0,98.8359,8.2222,1933.9971,24.6666,296.5076
Story18,Qy-Servicio (R=6),LinRespSpec,Max,,Top,0,5.7371,66.8258,1601.5242,0,0
Story18,Qy-Servicio (R=6),LinRespSpec,Max,,Bottom,0,5.7371,66.8258,1601.5242,200.4775,17.2114
Story18,EU-F,Combination,Max,,Top,1378.2016,250.8126,182.7191,6088.3494,22051.2258,-24445.2981
Story18,EU-F,Combination,Max,,Bottom,1533.6434,250.8126,182.7191,6088.3494,24538.3142,-26481.0065
Story18,EU-F,Combination,Min,,Top,763.9175,-250.8168,-182.7271,-6088.5117,12222.6794,-44102.3419
Story18,EU-F,Combination,Min,,Bottom,850.0766,-250.8168,-182.7271,-6088.5117,13053.0709,-49132.511
Story18,ES-F,Combination,Max,,Top,1070.0751,175.6194,127.9718,4275.9528,17121.2017,-16160.3581
Story18,ES-F,Combination,Max,,Bottom,1190.7646,175.6194,127.9718,4275.9528,19436.1694,-17476.6945
Story18,ES-F,Combination,Min,,Top,505.0124,-175.6226,-127.9779,-4276.0752,8080.1992,-34242.3183
Story18,ES-F,Combination,Min,,Bottom,561.9708,-175.6226,-127.9779,-4276.0752,8607.6183,-38674.7466
Story17,Ex,LinStatic,Step By Step,1,Top,0,-202.2352,-0.0836,3230.0614,0.1167,-307.3551
Story17,Ex,LinStatic,Step By Step,1,Bottom,0,-202.2352,-0.0836,3230.0614,0.3674,-914.0606
Story17,Ex,LinStatic,Step By Step,2,Top,0,-202.2293,0.0502,3416.2668,-0.0729,-307.3469
Story17,Ex,LinStatic,Step By Step,2,Bottom,0,-202.2293,0.0502,3416.2668,-0.2236,-914.035
Story17,Ex,LinStatic,Step By Step,3,Top,0,-202.241,-0.2174,3043.8559,0.3062,-307.3633
Story17,Ex,LinStatic,Step By Step,3,Bottom,0,-202.241,-0.2174,3043.8559,0.9583,-914.0862
Story17,Ey,LinStatic,Step By Step,1,Top,0,-0.0806,-204.5816,-6618.2456,310.685,-0.112
Story17,Ey,LinStatic,Step By Step,1,Bottom,0,-0.0806,-204.5816,-6618.2456,924.4297,-0.3539
Story17,Ey,LinStatic,Step By Step,2,Top,0,-0.0864,-204.7154,-6804.451,310.8745,-0.1202
Story17,Ey,LinStatic,Step By Step,2,Bottom,0,-0.0864,-204.7154,-6804.451,925.0207,-0.3795
Story17,Ey,LinStatic,Step By Step,3,Top,0,-0.0748,-204.4478,-6432.0401,310.4954,-0.1038
Story17,Ey,LinStatic,Step By Step,3,Bottom,0,-0.0748,-204.4478,-6432.0401,923.8388,-0.3282
Story17,Qx,LinRespSpec,Max,,Top,0,292.4705,23.9889,5722.6908,40.974,492.5327
Story17,Qx,LinRespSpec,Max,,Bottom,0,292.4705,23.9889,5722.6908,112.8429,1368.2719
Story17,Qy,LinRespSpec,Max,,Top,0,17.924,203.4717,4930.1253,353.1519,30.3188
Story17,Qy,LinRespSpec,Max,,Bottom,0,17.924,203.4717,4930.1253,962.392,84.0166
Story17,Qx-Servicio (R=6),LinRespSpec,Max,,Top,0,176.069,14.4415,3445.0939,24.6666,296.5076
Story17,Qx-Servicio (R=6),LinRespSpec,Max,,Bottom,0,176.069,14.4415,3445.0939,67.9321,823.7078
Story17,Qy-Servicio (R=6),LinRespSpec,Max,,Top,0,10.1751,115.507,2798.7372,200.4775,17.2114
Story17,Qy-Servicio (R=6),LinRespSpec,Max,,Bottom,0,10.1751,115.507,2798.7372,546.3314,47.6946
Story17,EU-F,Combination,Max,,Top,2911.845,446.7682,315.9962,10802.4647,46589.54,-50926.3045
Story17,EU-F,Combination,Max,,Bottom,3067.2868,446.7682,315.9962,10802.4647,49076.6469,-52376.6879
Story17,EU-F,Combination,Min,,Top,1613.9941,-446.7774,-316.0136,-10802.8138,25275.7503,-93234.8528
Story17,EU-F,Combination,Min,,Bottom,1700.1533,-446.7774,-316.0136,-10802.8138,25708.1169,-98265.0317
Story17,ES-F,Combination,Max,,Top,2260.8397,312.8275,221.3175,7586.3809,36557.3711,-33637.0526
Story17,ES-F,Combination,Max,,Bottom,2381.5291,312.8275,221.3175,7586.3809,39151.1322,-34543.5444
Story17,ES-F,Combination,Min,,Top,1066.9832,-312.8345,-221.3307,-7586.6444,16687.8174,-72917.0649
Story17,ES-F,Combination,Min,,Bottom,1123.9415,-312.8345,-221.3307,-7586.6444,16936.4642,-77759.349
Story16,Ex,LinStatic,Step By Step,1,Top,0,-294.0767,-0.1319,4696.2592,0.3674,-914.0606
Story16,Ex,LinStatic,Step By Step,1,Bottom,0,-294.0767,-0.1319,4696.2592,0.7631,-1796.2906
Story16,Ex,LinStatic,Step By Step,2,Top,0,-294.0675,0.0765,4967.6213,-0.2236,-914.035
Story16,Ex,LinStatic,Step By Step,2,Bottom,0,-294.0675,0.0765,4967.6213,-0.4529,-1796.2375
Story16,Ex,LinStatic,Step By Step,3,Top,0,-294.0858,-0.3402,4424.8972,0.9583,-914.0862
Story16,Ex,LinStatic,Step By Step,3,Bottom,0,-294.0858,-0.3402,4424.8972,1.979,-1796.3437
Story16,Ey,LinStatic,Step By Step,1,Top,0,-0.128,-297.7242,-9639.3255,924.4297,-0.3539
Story16,Ey,LinStatic,Step By Step,1,Bottom,0,-0.128,-297.7242,-9639.3255,1817.6022,-0.7378
Story16,Ey,LinStatic,Step By Step,2,Top,0,-0.1371,-297.9325,-9910.6875,925.0207,-0.3795
Story16,Ey,LinStatic,Step By Step,2,Bottom,0,-0.1371,-297.9325,-9910.6875,1818.8182,-0.7909
Story16,Ey,LinStatic,Step By Step,3,Top,0,-0.1188,-297.5158,-9367.9634,923.8388,-0.3282
Story16,Ey,LinStatic,Step By Step,3,Bottom,0,-0.1188,-297.5158,-9367.9634,1816.3863,-0.6848
Story16,Qx,LinRespSpec,Max,,Top,0,379.6359,30.0805,7394.5665,112.8429,1368.2719
Story16,Qx,LinRespSpec,Max,,Bottom,0,379.6359,30.0805,7394.5665,202.6006,2498.543
Story16,Qy,LinRespSpec,Max,,Top,0,23.0961,255.4177,6392.0524,962.392,84.0166
Story16,Qy,LinRespSpec,Max,,Bottom,0,23.0961,255.4177,6392.0524,1722.5784,152.9092
Story16,Qx-Servicio (R=6),LinRespSpec,Max,,Top,0,228.5431,18.1087,4451.573,67.9321,823.7078
Story16,Qx-Servicio (R=6),LinRespSpec,Max,,Bottom,0,228.5431,18.1087,4451.573,121.9668,1504.1377
Story16,Qy-Servicio (R=6),LinRespSpec,Max,,Top,0,13.1112,144.9957,3628.645,546.3314,47.6946
Story16,Qy-Servicio (R=6),LinRespSpec,Max,,Bottom,0,13.1112,144.9957,3628.645,977.8746,86.8036
Story16,EU-F,Combination,Max,,Top,4445.4884,579.842,396.6526,13968.0654,71127.8727,-76821.986
Story16,EU-F,Combination,Max,,Bottom,4600.9303,579.842,396.6526,13968.0654,73615.0001,-77883.7391
Story16,EU-F,Combination,Min,,Top,2464.0707,-579.8557,-396.6803,-13968.6331,37930.7963,-142367.3736
Story16,EU-F,Combination,Min,,Bottom,2550.2299,-579.8557,-396.6803,-13968.6331,38128.705,-147397.5617
Story16,ES-F,Combination,Max,,Top,3451.6042,406.0051,277.8076,9809.6141,56272.3339,-50703.9025
Story16,ES-F,Combination,Max,,Bottom,3572.2937,406.0051,277.8076,9809.6141,59030.3289,-51338.2769
Story16,ES-F,Combination,Min,,Top,1628.954,-406.0155,-277.8286,-9810.0429,25016.6634,-112001.6673
Story16,ES-F,Combination,Min,,Bottom,1685.9123,-406.0155,-277.8286,-9810.0429,25101.0998,-117116.0793
Story15,Ex,LinStatic,Step By Step,1,Top,0,-378.1801,-0.1837,6038.4374,0.7631,-1796.2906
Story15,Ex,LinStatic,Step By Step,1,Bottom,0,-378.1801,-0.1837,6038.4374,1.3142,-2930.8308
Story15,Ex,LinStatic,Step By Step,2,Top,0,-378.1674,0.103,6388.2572,-0.4529,-1796.2375
Story15,Ex,LinStatic,Step By Step,2,Bottom,0,-378.1674,0.103,6388.2572,-0.762,-2930.7397
Story15,Ex,LinStatic,Step By Step,3,Top,0,-378.1927,-0.4704,5688.6175,1.979,-1796.3437
Story15,Ex,LinStatic,Step By Step,3,Bottom,0,-378.1927,-0.4704,5688.6175,3.3904,-2930.9219
Story15,Ey,LinStatic,Step By Step,1,Top,0,-0.1793,-383.1904,-12416.4488,1817.6022,-0.7378
Story15,Ey,LinStatic,Step By Step,1,Bottom,0,-0.1793,-383.1904,-12416.4488,2967.1734,-1.2757
Story15,Ey,LinStatic,Step By Step,2,Top,0,-0.192,-383.4771,-12766.2687,1818.8182,-0.7909
Story15,Ey,LinStatic,Step By Step,2,Bottom,0,-0.192,-383.4771,-12766.2687,2969.2496,-1.3668
Story15,Ey,LinStatic,Step By Step,3,Top,0,-0.1666,-382.9036,-12066.629,1816.3863,-0.6848
Story15,Ey,LinStatic,Step By Step,3,Bottom,0,-0.1666,-382.9036,-12066.629,2965.0972,-1.1846
Story15,Qx,LinRespSpec,Max,,Top,0,434.0543,32.3154,8370.3015,202.6006,2498.543
Story15,Qx,LinRespSpec,Max,,Bottom,0,434.0543,32.3154,8370.3015,298.192,3776.777
Story15,Qy,LinRespSpec,Max,,Top,0,26.1115,282.7371,7503.8447,1722.5784,152.9092
Story15,Qy,LinRespSpec,Max,,Bottom,0,26.1115,282.7371,7503.8447,2553.2464,230.0966
Story15,Qx-Servicio (R=6),LinRespSpec,Max,,Top,0,261.3033,19.4541,5038.9713,121.9668,1504.1377
Story15,Qx-Servicio (R=6),LinRespSpec,Max,,Bottom,0,261.3033,19.4541,5038.9713,179.5134,2273.6422
Story15,Qy-Servicio (R=6),LinRespSpec,Max,,Top,0,14.823,160.5044,4259.7881,977.8746,86.8036
Story15,Qy-Servicio (R=6),LinRespSpec,Max,,Bottom,0,14.823,160.5044,4259.7881,1449.4288,130.6214
Story15,EU-F,Combination,Max,,Top,5979.1319,662.8249,438.6332,15931.8822,95666.2259,-102329.0372
Story15,EU-F,Combination,Max,,Bottom,6134.5737,662.8249,438.6332,15931.8822,98153.3759,-103165.1181
Story15,EU-F,Combination,Min,,Top,3314.1474,-662.8431,-438.6723,-15932.7013,50351.3845,-191499.9036
Story15,EU-F,Combination,Min,,Bottom,3400.3066,-662.8431,-438.6723,-15932.7013,50440.9581,-196530.1004
Story15,ES-F,Combination,Max,,Top,4642.3688,464.1083,307.2054,11189.8485,76151.5306,-67498.635
Story15,ES-F,Combination,Max,,Bottom,4763.0583,464.1083,307.2054,11189.8485,78985.4156,-67974.9972
Story15,ES-F,Combination,Min,,Top,2190.9247,-464.1221,-307.235,-11190.4674,33181.299,-151358.3976
Story15,ES-F,Combination,Min,,Bottom,2247.8831,-464.1221,-307.235,-11190.4674,33189.8712,-156630.8319
Story14,Ex,LinStatic,Step By Step,1,Top,0,-454.7553,-0.2387,7259.9705,1.3142,-2930.8308
Story14,Ex,LinStatic,Step By Step,1,Bottom,0,-454.7553,-0.2387,7259.9705,2.0304,-4295.0965
Story14,Ex,LinStatic,Step By Step,2,Top,0,-454.7388,0.1301,7681.7343,-0.762,-2930.7397
Story14,Ex,LinStatic,Step By Step,2,Bottom,0,-454.7388,0.1301,7681.7343,-1.1522,-4294.9561
Story14,Ex,LinStatic,Step By Step,3,Top,0,-454.7717,-0.6075,6838.2066,3.3904,-2930.9219
Story14,Ex,LinStatic,Step By Step,3,Bottom,0,-454.7717,-0.6075,6838.2066,5.213,-4295.2369
Story14,Ey,LinStatic,Step By Step,1,Top,0,-0.2343,-461.1874,-14956.1841,2967.1734,-1.2757
Story14,Ey,LinStatic,Step By Step,1,Bottom,0,-0.2343,-461.1874,-14956.1841,4350.7357,-1.9786
Story14,Ey,LinStatic,Step By Step,2,Top,0,-0.2507,-461.5562,-15377.948,2969.2496,-1.3668
Story14,Ey,LinStatic,Step By Step,2,Bottom,0,-0.2507,-461.5562,-15377.948,4353.9183,-2.119
Story14,Ey,LinStatic,Step By Step,3,Top,0,-0.2179,-460.8187,-14534.4203,2965.0972,-1.1846
Story14,Ey,LinStatic,Step By Step,3,Bottom,0,-0.2179,-460.8187,-14534.4203,4347.5531,-1.8382
Story14,Qx,LinRespSpec,Max,,Top,0,463.8741,31.4648,8813.3198,298.192,3776.777
Story14,Qx,LinRespSpec,Max,,Bottom,0,463.8741,31.4648,8813.3198,389.6508,5120.0206
Story14,Qy,LinRespSpec,Max,,Top,0,27.4905,294.9573,8484.7547,2553.2464,230.0966
Story14,Qy,LinRespSpec,Max,,Bottom,0,27.4905,294.9573,8484.7547,3400.371,310.1726
Story14,Qx-Servicio (R=6),LinRespSpec,Max,,Top,0,279.255,18.942,5305.671,179.5134,2273.6422
Story14,Qx-Servicio (R=6),LinRespSpec,Max,,Bottom,0,279.255,18.942,5305.671,234.5721,3082.2828
Story14,Qy-Servicio (R=6),LinRespSpec,Max,,Top,0,15.6059,167.4416,4816.6318,1449.4288,130.6214
Story14,Qy-Servicio (R=6),LinRespSpec,Max,,Bottom,0,15.6059,167.4416,4816.6318,1930.3251,176.079
Story14,EU-F,Combination,Max,,Top,7512.7753,708.1736,456.5762,17037.7141,120204.6017,-127610.4162
Story14,EU-F,Combination,Max,,Bottom,7668.2171,708.1736,456.5762,17037.7141,122691.7766,-128347.6875
Story14,EU-F,Combination,Min,,Top,4164.224,-708.196,-456.6278,-17038.8193,62663.6375,-240632.4423
Story14,EU-F,Combination,Min,,Bottom,4250.3832,-708.196,-456.6278,-17038.8193,62730.3998,-245662.6475
Story14,ES-F,Combination,Max,,Top,5833.1334,495.8593,319.7614,11968.8394,96106.6173,-84135.3553
Story14,ES-F,Combination,Max,,Bottom,5953.8228,495.8593,319.7614,11968.8394,98956.4786,-84542.5362
Story14,ES-F,Combination,Min,,Top,2752.8955,-495.8763,-319.8005,-11969.675,41270.0703,-190873.1502
Story14,ES-F,Combination,Min,,Bottom,2809.8538,-495.8763,-319.8005,-11969.675,41262.6947,-196214.7753
Story13,Ex,LinStatic,Step By Step,1,Top,0,-524.0193,-0.2968,8364.3467,2.0304,-4295.0965
Story13,Ex,LinStatic,Step By Step,1,Bottom,0,-524.0193,-0.2968,8364.3467,2.9207,-5867.1544
Story13,Ex,LinStatic,Step By Step,2,Top,0,-523.9989,0.1576,8851.7336,-1.1522,-4294.9561
Story13,Ex,LinStatic,Step By Step,2,Bottom,0,-523.9989,0.1576,8851.7336,-1.6251,-5866.9529
Story13,Ex,LinStatic,Step By Step,3,Top,0,-524.0396,-0.7512,7876.9598,5.213,-4295.2369
Story13,Ex,LinStatic,Step By Step,3,Bottom,0,-524.0396,-0.7512,7876.9598,7.4665,-5867.3558
Story13,Ey,LinStatic,Step By Step,1,Top,0,-0.2929,-531.9303,-17265.3541,4350.7357,-1.9786
Story13,Ey,LinStatic,Step By Step,1,Bottom,0,-0.2929,-531.9303,-17265.3541,5946.5265,-2.8572
Story13,Ey,LinStatic,Step By Step,2,Top,0,-0.3132,-532.3847,-17752.741,4353.9183,-2.119
Story13,Ey,LinStatic,Step By Step,2,Bottom,0,-0.3132,-532.3847,-17752.741,5951.0723,-3.0587
Story13,Ey,LinStatic,Step By Step,3,Top,0,-0.2725,-531.4759,-16777.9672,4347.5531,-1.8382
Story13,Ey,LinStatic,Step By Step,3,Bottom,0,-0.2725,-531.4759,-16777.9672,5941.9807,-2.6558
Story13,Qx,LinRespSpec,Max,,Top,0,475.8106,28.575,8877.1737,389.6508,5120.0206
Story13,Qx,LinRespSpec,Max,,Bottom,0,475.8106,28.575,8877.1737,469.6709,6464.7157
Story13,Qy,LinRespSpec,Max,,Top,0,27.6659,300.009,9385.14,3400.371,310.1726
Story13,Qy,LinRespSpec,Max,,Bottom,0,27.6659,300.009,9385.14,4232.6177,388.9991
Story13,Qx-Servicio (R=6),LinRespSpec,Max,,Top,0,286.4408,17.2023,5344.1114,234.5721,3082.2828
Story13,Qx-Servicio (R=6),LinRespSpec,Max,,Bottom,0,286.4408,17.2023,5344.1114,282.7447,3891.7973
Story13,Qy-Servicio (R=6),LinRespSpec,Max,,Top,0,15.7054,170.3093,5327.7632,1930.3251,176.079
Story13,Qy-Servicio (R=6),LinRespSpec,Max,,Bottom,0,15.7054,170.3093,5327.7632,2402.7755,220.8273
Story13,EU-F,Combination,Max,,Top,9046.4187,726.1559,462.8483,18071.9143,144743.0024,-152792.9856
Story13,EU-F,Combination,Max,,Bottom,9201.8605,726.1559,462.8483,18071.9143,147230.2046,-153528.6463
Story13,EU-F,Combination,Min,,Top,5014.3007,-726.1822,-462.9136,-18073.3424,74953.0792,-289764.9894
Story13,EU-F,Combination,Min,,Bottom,5100.4598,-726.1822,-462.9136,-18073.3424,75047.3208,-294795.2026
Story13,ES-F,Combination,Max,,Top,7023.8979,508.4478,324.1376,12694.7463,116077.6804,-100702.8943
Story13,ES-F,Combination,Max,,Bottom,7144.5874,508.4478,324.1376,12694.7463,118908.2807,-101108.9538
Story13,ES-F,Combination,Min,,Top,3314.8663,-508.4678,-324.187,-12695.8264,49342.8938,-230457.0936
Story13,ES-F,Combination,Min,,Bottom,3371.8246,-508.4678,-324.187,-12695.8264,49354.8103,-235799.8492
Story12,Ex,LinStatic,Step By Step,1,Top,0,-586.1972,-0.3576,9355.1837,2.9207,-5867.1544
Story12,Ex,LinStatic,Step By Step,1,Bottom,0,-586.1972,-0.3576,9355.1837,3.9934,-7625.746
Story12,Ex,LinStatic,Step By Step,2,Top,0,-586.1727,0.1859,9902.0749,-1.6251,-5866.9529
Story12,Ex,LinStatic,Step By Step,2,Bottom,0,-586.1727,0.1859,9902.0749,-2.1828,-7625.4711
Story12,Ex,LinStatic,Step By Step,3,Top,0,-586.2217,-0.901,8808.2924,7.4665,-5867.3558
Story12,Ex,LinStatic,Step By Step,3,Bottom,0,-586.2217,-0.901,8808.2924,10.1696,-7626.0209
Story12,Ey,LinStatic,Step By Step,1,Top,0,-0.3547,-595.6423,-19351.0724,5946.5265,-2.8572
Story12,Ey,LinStatic,Step By Step,1,Bottom,0,-0.3547,-595.6423,-19351.0724,7733.4535,-3.9214
Story12,Ey,LinStatic,Step By Step,2,Top,0,-0.3792,-596.1858,-19897.9637,5951.0723,-3.0587
Story12,Ey,LinStatic,Step By Step,2,Bottom,0,-0.3792,-596.1858,-19897.9637,7739.6297,-4.1963
Story12,Ey,LinStatic,Step By Step,3,Top,0,-0.3303,-595.0989,-18804.1812,5941.9807,-2.6558
Story12,Ey,LinStatic,Step By Step,3,Bottom,0,-0.3303,-595.0989,-18804.1812,7727.2774,-3.6466
Story12,Qx,LinRespSpec,Max,,Top,0,477.1634,25.2795,8741.6725,469.6709,6464.7157
Story12,Qx,LinRespSpec,Max,,Bottom,0,477.1634,25.2795,8741.6725,534.081,7764.4346
Story12,Qy,LinRespSpec,Max,,Top,0,27.0907,303.8038,10133.7858,4232.6177,388.9991
Story12,Qy,LinRespSpec,Max,,Bottom,0,27.0907,303.8038,10133.7858,5036.3233,463.5069
Story12,Qx-Servicio (R=6),LinRespSpec,Max,,Top,0,287.2552,15.2184,5262.5389,282.7447,3891.7973
Story12,Qx-Servicio (R=6),LinRespSpec,Max,,Bottom,0,287.2552,15.2184,5262.5389,321.5199,4674.2358
Story12,Qy-Servicio (R=6),LinRespSpec,Max,,Top,0,15.3789,172.4636,5752.755,2402.7755,220.8273
Story12,Qy-Servicio (R=6),LinRespSpec,Max,,Bottom,0,15.3789,172.4636,5752.755,2859.0237,263.124
Story12,EU-F,Combination,Max,,Top,10580.0621,727.9249,467.052,19133.7747,169281.4304,-177973.9444
Story12,EU-F,Combination,Max,,Bottom,10735.5039,727.9249,467.052,19133.7747,171768.6623,-178779.0169
Story12,EU-F,Combination,Min,,Top,5864.3773,-727.9549,-467.1323,-19135.5639,87270.0002,-338897.5444
Story12,EU-F,Combination,Min,,Bottom,5950.5365,-727.9549,-467.1323,-19135.5639,87414.0943,-343927.765
Story12,ES-F,Combination,Max,,Top,8214.6625,509.6833,327.064,13437.3762,136029.4824,-117269.3119
Story12,ES-F,Combination,Max,,Bottom,8335.352,509.6833,327.064,13437.3762,138825.1425,-117723.9811
Story12,ES-F,Combination,Min,,Top,3876.837,-509.7061,-327.1248,-13438.73,57435.0095,-270042.1675
Story12,ES-F,Combination,Min,,Bottom,3933.7954,-509.7061,-327.1248,-13438.73,57481.9002,-275336.3218
Story11,Ex,LinStatic,Step By Step,1,Top,0,-641.5234,-0.4209,10236.2466,3.9934,-7625.746
Story11,Ex,LinStatic,Step By Step,1,Bottom,0,-641.5234,-0.4209,10236.2466,5.256,-9550.3162
Story11,Ex,LinStatic,Step By Step,2,Top,0,-641.4947,0.215,10836.7366,-2.1828,-7625.4711
Story11,Ex,LinStatic,Step By Step,2,Bottom,0,-641.4947,0.215,10836.7366,-2.8277,-9549.9552
Story11,Ex,LinStatic,Step By Step,3,Top,0,-641.5521,-1.0567,9635.7567,10.1696,-7626.0209
Story11,Ex,LinStatic,Step By Step,3,Bottom,0,-641.5521,-1.0567,9635.7567,13.3398,-9550.6772
Story11,Ey,LinStatic,Step By Step,1,Top,0,-0.4197,-652.5571,-21220.7877,7733.4535,-3.9214
Story11,Ey,LinStatic,Step By Step,1,Bottom,0,-0.4197,-652.5571,-21220.7877,9691.1248,-5.1806
Story11,Ey,LinStatic,Step By Step,2,Top,0,-0.4484,-653.193,-21821.2777,7739.6297,-4.1963
Story11,Ey,LinStatic,Step By Step,2,Bottom,0,-0.4484,-653.193,-21821.2777,9699.2086,-5.5416
Story11,Ey,LinStatic,Step By Step,3,Top,0,-0.391,-651.9212,-20620.2977,7727.2774,-3.6466
Story11,Ey,LinStatic,Step By Step,3,Bottom,0,-0.391,-651.9212,-20620.2977,9683.041,-4.8195
Story11,Qx,LinRespSpec,Max,,Top,0,476.9785,23.9253,8641.5897,534.081,7764.4346
Story11,Qx,LinRespSpec,Max,,Bottom,0,476.9785,23.9253,8641.5897,582.5901,8991.5106
Story11,Qy,LinRespSpec,Max,,Top,0,26.4037,310.8772,10717.5281,5036.3233,463.5069
Story11,Qy,LinRespSpec,Max,,Bottom,0,26.4037,310.8772,10717.5281,5811.1305,531.7822
Story11,Qx-Servicio (R=6),LinRespSpec,Max,,Top,0,287.1439,14.4032,5202.2884,321.5199,4674.2358
Story11,Qx-Servicio (R=6),LinRespSpec,Max,,Bottom,0,287.1439,14.4032,5202.2884,350.7227,5412.9429
Story11,Qy-Servicio (R=6),LinRespSpec,Max,,Top,0,14.9889,176.479,6084.1342,2859.0237,263.124
Story11,Qy-Servicio (R=6),LinRespSpec,Max,,Bottom,0,14.9889,176.479,6084.1342,3298.8668,301.8825
Story11,EU-F,Combination,Max,,Top,12113.7055,727.3371,477.0468,19964.2037,193819.8881,-203224.315
Story11,EU-F,Combination,Max,,Bottom,12269.1473,727.3371,477.0468,19964.2037,196307.1524,-204141.1604
Story11,EU-F,Combination,Min,,Top,6714.4539,-727.3706,-477.1433,-19966.3932,99636.7738,-388030.1069
Story11,EU-F,Combination,Min,,Bottom,6800.6131,-727.3706,-477.1433,-19966.3932,99831.3889,-393060.3345
Story11,ES-F,Combination,Max,,Top,9405.4271,509.2685,334.0538,14018.1818,155946.3442,-133884.3392
Story11,ES-F,Combination,Max,,Bottom,9526.1165,509.2685,334.0538,14018.1818,158706.5977,-134417.2805
Story11,ES-F,Combination,Min,,Top,4438.8078,-509.2939,-334.1268,-14019.8391,65562.0994,-309578.6401
Story11,ES-F,Combination,Min,,Bottom,4495.7661,-509.2939,-334.1268,-14019.8391,65644.4336,-314794.5304
Story10,Ex,LinStatic,Step By Step,1,Top,0,-690.2428,-0.4865,11011.4713,5.256,-9550.3162
Story10,Ex,LinStatic,Step By Step,1,Bottom,0,-690.2428,-0.4865,11011.4713,6.7155,-11621.0446
Story10,Ex,LinStatic,Step By Step,2,Top,0,-690.2097,0.2451,11659.8799,-2.8277,-9549.9552
Story10,Ex,LinStatic,Step By Step,2,Bottom,0,-690.2097,0.2451,11659.8799,-3.563,-11620.5842
Story10,Ex,LinStatic,Step By Step,3,Top,0,-690.2759,-1.2181,10363.0627,13.3398,-9550.6772
Story10,Ex,LinStatic,Step By Step,3,Bottom,0,-690.2759,-1.2181,10363.0627,16.9941,-11621.505
Story10,Ey,LinStatic,Step By Step,1,Top,0,-0.4875,-702.9194,-22882.3362,9691.1248,-5.1806
Story10,Ey,LinStatic,Step By Step,1,Bottom,0,-0.4875,-702.9194,-22882.3362,11799.883,-6.6432
Story10,Ey,LinStatic,Step By Step,2,Top,0,-0.5206,-703.651,-23530.7447,9699.2086,-5.5416
Story10,Ey,LinStatic,Step By Step,2,Bottom,0,-0.5206,-703.651,-23530.7447,11810.1615,-7.1035
Story10,Ey,LinStatic,Step By Step,3,Top,0,-0.4544,-702.1878,-22233.9276,9683.041,-4.8195
Story10,Ey,LinStatic,Step By Step,3,Bottom,0,-0.4544,-702.1878,-22233.9276,11789.6045,-6.1828
Story10,Qx,LinRespSpec,Max,,Top,0,483.7619,25.7068,8783.8334,582.5901,8991.5106
Story10,Qx,LinRespSpec,Max,,Bottom,0,483.7619,25.7068,8783.8334,619.0228,10138.775
Story10,Qy,LinRespSpec,Max,,Top,0,26.3408,323.7353,11208.8678,5811.1305,531.7822
Story10,Qy,LinRespSpec,Max,,Bottom,0,26.3408,323.7353,11208.8678,6566.6605,593.3102
Story10,Qx-Servicio (R=6),LinRespSpec,Max,,Top,0,291.2276,15.4756,5287.9199,350.7227,5412.9429
Story10,Qx-Servicio (R=6),LinRespSpec,Max,,Bottom,0,291.2276,15.4756,5287.9199,372.6554,6103.6029
Story10,Qy-Servicio (R=6),LinRespSpec,Max,,Top,0,14.9532,183.7783,6363.0583,3298.8668,301.8825
Story10,Qy-Servicio (R=6),LinRespSpec,Max,,Bottom,0,14.9532,183.7783,6363.0583,3727.7667,336.8107
Story10,EU-F,Combination,Max,,Top,13647.349,737.4827,497.1292,20765.0611,218358.3782,-228586.4585
Story10,EU-F,Combination,Max,,Bottom,13802.7908,737.4827,497.1292,20765.0611,220845.6773,-229626.0612
Story10,EU-F,Combination,Min,,Top,7564.5306,-737.5195,-497.2432,-20767.6906,112054.0684,-437162.6764
Story10,EU-F,Combination,Min,,Bottom,7650.6897,-737.5195,-497.2432,-20767.6906,112283.0529,-442192.9104
Story10,ES-F,Combination,Max,,Top,10596.1917,516.3701,348.1206,14579.4995,175827.7994,-150577.6386
Story10,ES-F,Combination,Max,,Bottom,10716.8811,516.3701,348.1206,14579.4995,178563.9745,-151196.5435
Story10,ES-F,Combination,Min,,Top,5000.7786,-516.3981,-348.2069,-14581.4904,73724.6328,-349036.8487
Story10,ES-F,Combination,Min,,Bottom,5057.7369,-516.3981,-348.2069,-14581.4904,73831.0852,-354166.7827
Story9,Ex,LinStatic,Step By Step,1,Top,0,-732.6127,-0.5542,11684.991,6.7155,-11621.0446
Story9,Ex,LinStatic,Step By Step,1,Bottom,0,-732.6127,-0.5542,11684.991,8.3781,-13818.8826
Story9,Ex,LinStatic,Step By Step,2,Top,0,-732.575,0.2764,12375.8782,-3.563,-11620.5842
Story9,Ex,LinStatic,Step By Step,2,Bottom,0,-732.575,0.2764,12375.8782,-4.3923,-13818.3093
Story9,Ex,LinStatic,Step By Step,3,Top,0,-732.6503,-1.3848,10994.1039,16.9941,-11621.505
Story9,Ex,LinStatic,Step By Step,3,Bottom,0,-732.6503,-1.3848,10994.1039,21.1484,-13819.4558
Story9,Ey,LinStatic,Step By Step,1,Top,0,-0.5579,-746.9875,-24344.0089,11799.883,-6.6432
Story9,Ey,LinStatic,Step By Step,1,Bottom,0,-0.5579,-746.9875,-24344.0089,14040.8455,-8.317
Story9,Ey,LinStatic,Step By Step,2,Top,0,-0.5956,-747.8181,-25034.896,11810.1615,-7.1035
Story9,Ey,LinStatic,Step By Step,2,Bottom,0,-0.5956,-747.8181,-25034.896,14053.6159,-8.8902
Story9,Ey,LinStatic,Step By Step,3,Top,0,-0.5203,-746.1569,-23653.1218,11789.6045,-6.1828
Story9,Ey,LinStatic,Step By Step,3,Bottom,0,-0.5203,-746.1569,-23653.1218,14028.0752,-7.7438
Story9,Qx,LinRespSpec,Max,,Top,0,502.8578,29.307,9237.2173,619.0228,10138.775
Story9,Qx,LinRespSpec,Max,,Bottom,0,502.8578,29.307,9237.2173,650.0755,11218.6735
Story9,Qy,LinRespSpec,Max,,Top,0,27.3455,340.5547,11627.9069,6566.6605,593.3102
Story9,Qy,LinRespSpec,Max,,Bottom,0,27.3455,340.5547,11627.9069,7316.4169,649.0097
Story9,Qx-Servicio (R=6),LinRespSpec,Max,,Top,0,302.7234,17.643,5560.8598,372.6554,6103.6029
Story9,Qx-Servicio (R=6),LinRespSpec,Max,,Bottom,0,302.7234,17.643,5560.8598,391.3493,6753.7082
Story9,Qy-Servicio (R=6),LinRespSpec,Max,,Top,0,15.5235,193.3263,6600.9388,3727.7667,336.8107
Story9,Qy-Servicio (R=6),LinRespSpec,Max,,Bottom,0,15.5235,193.3263,6600.9388,4153.389,368.4303
Story9,EU-F,Combination,Max,,Top,15180.9924,766.5775,523.9714,21597.4664,242896.903,-254071.3592
Story9,EU-F,Combination,Max,,Bottom,15336.4342,766.5775,523.9714,21597.4664,245384.2395,-255214.6368
Story9,EU-F,Combination,Min,,Top,8414.6072,-766.6173,-524.1041,-21600.5747,124505.7324,-486295.2523
Story9,EU-F,Combination,Min,,Bottom,8500.7664,-766.6173,-524.1041,-21600.5747,124745.8191,-491325.4922
Story9,ES-F,Combination,Max,,Top,11786.9562,536.7415,366.9284,15164.457,195685.1763,-167356.9016
Story9,ES-F,Combination,Max,,Bottom,11907.6457,536.7415,366.9284,15164.457,198413.5964,-168048.408
Story9,ES-F,Combination,Min,,Top,5562.7493,-536.7718,-367.029,-15166.8111,81911.2843,-388409.101
Story9,ES-F,Combination,Min,,Bottom,5619.7077,-536.7718,-367.029,-15166.8111,82025.5344,-393466.4403
Story8,Ex,LinStatic,Step By Step,1,Top,0,-768.9045,-0.6236,12261.1713,8.3781,-13818.8826
Story8,Ex,LinStatic,Step By Step,1,Bottom,0,-768.9045,-0.6236,12261.1713,10.2489,-16125.5961
Story8,Ex,LinStatic,Step By Step,2,Top,0,-768.8623,0.3094,12989.3545,-4.3923,-13818.3093
Story8,Ex,LinStatic,Step By Step,2,Bottom,0,-768.8623,0.3094,12989.3545,-5.3205,-16124.8962
Story8,Ex,LinStatic,Step By Step,3,Top,0,-768.9467,-1.5566,11532.9881,21.1484,-13819.4558
Story8,Ex,LinStatic,Step By Step,3,Bottom,0,-768.9467,-1.5566,11532.9881,25.8182,-16126.2959
Story8,Ey,LinStatic,Step By Step,1,Top,0,-0.6306,-785.0355,-25614.6386,14040.8455,-8.317
Story8,Ey,LinStatic,Step By Step,1,Bottom,0,-0.6306,-785.0355,-25614.6386,16395.9519,-10.2087
Story8,Ey,LinStatic,Step By Step,2,Top,0,-0.6728,-785.9685,-26342.8218,14053.6159,-8.8902
Story8,Ey,LinStatic,Step By Step,2,Bottom,0,-0.6728,-785.9685,-26342.8218,16411.5213,-10.9086
Story8,Ey,LinStatic,Step By Step,3,Top,0,-0.5884,-784.1025,-24886.4554,14028.0752,-7.7438
Story8,Ey,LinStatic,Step By Step,3,Bottom,0,-0.5884,-784.1025,-24886.4554,16380.3826,-9.5089
Story8,Qx,LinRespSpec,Max,,Top,0,535.8141,32.9799,9948.5018,650.0755,11218.6735
Story8,Qx,LinRespSpec,Max,,Bottom,0,535.8141,32.9799,9948.5018,682.9948,12260.5072
Story8,Qy,LinRespSpec,Max,,Top,0,29.4147,359.5413,11980.095,7316.4169,649.0097
Story8,Qy,LinRespSpec,Max,,Bottom,0,29.4147,359.5413,11980.095,8071.2297,700.9545
Story8,Qx-Servicio (R=6),LinRespSpec,Max,,Top,0,322.5633,19.8541,5989.0573,391.3493,6753.7082
Story8,Qx-Servicio (R=6),LinRespSpec,Max,,Bottom,0,322.5633,19.8541,5989.0573,411.1669,7380.8983
Story8,Qy-Servicio (R=6),LinRespSpec,Max,,Top,0,16.6982,204.1047,6800.8692,4153.389,368.4303
Story8,Qy-Servicio (R=6),LinRespSpec,Max,,Bottom,0,16.6982,204.1047,6800.8692,4581.8816,397.9184
Story8,EU-F,Combination,Max,,Top,16714.6358,816.9421,554.0967,22445.6371,267435.4653,-279659.9349
Story8,EU-F,Combination,Max,,Bottom,16870.0776,816.9421,554.0967,22445.6371,269922.8413,-280862.0023
Story8,EU-F,Combination,Min,,Top,9264.6838,-816.9846,-554.2494,-22449.2603,136968.4985,-535427.8341
Story8,EU-F,Combination,Min,,Bottom,9350.843,-816.9846,-554.2494,-22449.2603,137200.1827,-540458.0795
Story8,ES-F,Combination,Max,,Top,12977.7208,572.0071,388.0348,15761.7403,215534.7982,-184208.7661
Story8,ES-F,Combination,Max,,Bottom,13098.4103,572.0071,388.0348,15761.7403,218269.1556,-184941.444
Story8,ES-F,Combination,Min,,Top,6124.7201,-572.0394,-388.1505,-15764.4849,90105.7336,-427708.7586
Story8,ES-F,Combination,Min,,Bottom,6181.6784,-572.0394,-388.1505,-15764.4849,90214.0916,-432724.9325
Story7,Ex,LinStatic,Step By Step,1,Top,0,-799.4068,-0.6944,12744.6536,10.2489,-16125.5961
Story7,Ex,LinStatic,Step By Step,1,Bottom,0,-799.4068,-0.6944,12744.6536,12.3321,-18523.8166
Story7,Ex,LinStatic,Step By Step,2,Top,0,-799.36,0.3445,13505.2291,-5.3205,-16124.8962
Story7,Ex,LinStatic,Step By Step,2,Bottom,0,-799.36,0.3445,13505.2291,-6.354,-18522.9762
Story7,Ex,LinStatic,Step By Step,3,Top,0,-799.4537,-1.7333,11984.078,25.8182,-16126.2959
Story7,Ex,LinStatic,Step By Step,3,Bottom,0,-799.4537,-1.7333,11984.078,31.0182,-18524.657
Story7,Ey,LinStatic,Step By Step,1,Top,0,-0.705,-817.3563,-26703.7152,16395.9519,-10.2087
Story7,Ey,LinStatic,Step By Step,1,Bottom,0,-0.705,-817.3563,-26703.7152,18848.0208,-12.3236
Story7,Ey,LinStatic,Step By Step,2,Top,0,-0.7518,-818.3952,-27464.2908,16411.5213,-10.9086
Story7,Ey,LinStatic,Step By Step,2,Bottom,0,-0.7518,-818.3952,-27464.2908,18866.7069,-13.164
Story7,Ey,LinStatic,Step By Step,3,Top,0,-0.6581,-816.3174,-25943.1396,16380.3826,-9.5089
Story7,Ey,LinStatic,Step By Step,3,Bottom,0,-0.6581,-816.3174,-25943.1396,18829.3347,-11.4833
Story7,Qx,LinRespSpec,Max,,Top,0,581.0202,35.8956,10826.8667,682.9948,12260.5072
Story7,Qx,LinRespSpec,Max,,Bottom,0,581.0202,35.8956,10826.8667,723.3689,13306.6193
Story7,Qy,LinRespSpec,Max,,Top,0,32.343,382.8909,12351.4471,8071.2297,700.9545
Story7,Qy,LinRespSpec,Max,,Bottom,0,32.343,382.8909,12351.4471,8840.6286,752.0474
Story7,Qx-Servicio (R=6),LinRespSpec,Max,,Top,0,349.7776,21.6094,6517.8382,411.1669,7380.8983
Story7,Qx-Servicio (R=6),LinRespSpec,Max,,Bottom,0,349.7776,21.6094,6517.8382,435.4724,8010.664
Story7,Qy-Servicio (R=6),LinRespSpec,Max,,Top,0,18.3605,217.3598,7011.6786,4581.8816,397.9184
Story7,Qy-Servicio (R=6),LinRespSpec,Max,,Bottom,0,18.3605,217.3598,7011.6786,5018.6546,426.9228
Story7,EU-F,Combination,Max,,Top,18248.2792,886.0681,590.4257,23397.7285,291974.0671,-305307.3004
Story7,EU-F,Combination,Max,,Bottom,18403.721,886.0681,590.4257,23397.7285,294461.4847,-306503.3362
Story7,EU-F,Combination,Min,,Top,10114.7605,-886.113,-590.5992,-23401.8978,149422.8621,-584560.4213
Story7,EU-F,Combination,Min,,Bottom,10200.9197,-886.113,-590.5992,-23401.8978,149629.3354,-589590.6715
Story7,ES-F,Combination,Max,,Top,14168.4854,620.41,413.4799,16432.6039,235390.3574,-201101.8021
Story7,ES-F,Combination,Max,,Bottom,14289.1748,620.41,413.4799,16432.6039,238142.4481,-201830.2621
Story7,ES-F,Combination,Min,,Top,6686.6909,-620.4441,-413.6114,-16435.7629,98294.2908,-466967.2508
Story7,ES-F,Combination,Min,,Bottom,6743.6492,-620.4441,-413.6114,-16435.7629,98384.9631,-471987.6482
Story6,Ex,LinStatic,Step By Step,1,Top,0,-824.4285,-0.7661,13140.4146,12.3321,-18523.8166
Story6,Ex,LinStatic,Step By Step,1,Bottom,0,-824.4285,-0.7661,13140.4146,14.6304,-20997.102
Story6,Ex,LinStatic,Step By Step,2,Top,0,-824.377,0.3825,13928.7839,-6.354,-18522.9762
Story6,Ex,LinStatic,Step By Step,2,Bottom,0,-824.377,0.3825,13928.7839,-7.5015,-20996.1072
Story6,Ex,LinStatic,Step By Step,3,Top,0,-824.48,-1.9147,12352.0453,31.0182,-18524.657
Story6,Ex,LinStatic,Step By Step,3,Bottom,0,-824.48,-1.9147,12352.0453,36.7623,-20998.0969
Story6,Ey,LinStatic,Step By Step,1,Top,0,-0.7804,-844.2662,-27621.5403,18848.0208,-12.3236
Story6,Ey,LinStatic,Step By Step,1,Bottom,0,-0.7804,-844.2662,-27621.5403,21380.8194,-14.6647
Story6,Ey,LinStatic,Step By Step,2,Top,0,-0.8319,-845.4148,-28409.9096,18866.7069,-13.164
Story6,Ey,LinStatic,Step By Step,2,Bottom,0,-0.8319,-845.4148,-28409.9096,21402.9513,-15.6596
Story6,Ey,LinStatic,Step By Step,3,Top,0,-0.7289,-843.1176,-26833.171,18829.3347,-11.4833
Story6,Ey,LinStatic,Step By Step,3,Bottom,0,-0.7289,-843.1176,-26833.171,21358.6875,-13.6699
Story6,Qx,LinRespSpec,Max,,Top,0,634.6069,38.038,11788.0509,723.3689,13306.6193
Story6,Qx,LinRespSpec,Max,,Bottom,0,634.6069,38.038,11788.0509,774.0284,14406.9467
Story6,Qy,LinRespSpec,Max,,Top,0,35.8878,413.6114,12864.5555,8840.6286,752.0474
Story6,Qy,LinRespSpec,Max,,Bottom,0,35.8878,413.6114,12864.5555,9639.1282,805.7743
Story6,Qx-Servicio (R=6),LinRespSpec,Max,,Top,0,382.0371,22.8991,7096.4768,435.4724,8010.664
Story6,Qx-Servicio (R=6),LinRespSpec,Max,,Bottom,0,382.0371,22.8991,7096.4768,465.9697,8673.0676
Story6,Qy-Servicio (R=6),LinRespSpec,Max,,Top,0,20.3728,234.7992,7302.9604,5018.6546,426.9228
Story6,Qy-Servicio (R=6),LinRespSpec,Max,,Bottom,0,20.3728,234.7992,7302.9604,5471.9474,457.4225
Story6,EU-F,Combination,Max,,Top,19781.9226,968.0427,637.4625,24599.7132,316512.7105,-330948.6343
Story6,EU-F,Combination,Max,,Bottom,19937.3644,968.0427,637.4625,24599.7132,319000.1708,-332062.1639
Story6,EU-F,Combination,Min,,Top,10964.8371,-968.0894,-637.6574,-24604.4561,161852.0148,-633693.0134
Story6,EU-F,Combination,Min,,Bottom,11050.9963,-968.0894,-637.6574,-24604.4561,162010.2325,-638723.2672
Story6,ES-F,Combination,Max,,Top,15359.2499,677.81,446.4167,17278.8073,255263.6498,-217990.6202
Story6,ES-F,Combination,Max,,Bottom,15479.9394,677.81,446.4167,17278.8073,258049.6206,-218661.3125
Story6,ES-F,Combination,Min,,Top,7248.6616,-677.8455,-446.5645,-17282.4011,106465.1622,-506229.9665
Story6,ES-F,Combination,Min,,Bottom,7305.62,-677.8455,-446.5645,-17282.4011,106522.0032,-511308.1357
Story5,Ex,LinStatic,Step By Step,1,Top,0,-864.7386,-0.9113,13776.1955,14.6304,-20997.102
Story5,Ex,LinStatic,Step By Step,1,Bottom,0,-864.7386,-0.9113,13776.1955,17.3642,-23591.3178
Story5,Ex,LinStatic,Step By Step,2,Top,0,-864.6779,0.4678,14612.2388,-7.5015,-20996.1072
Story5,Ex,LinStatic,Step By Step,2,Bottom,0,-864.6779,0.4678,14612.2388,-8.9051,-23590.1408
Story5,Ex,LinStatic,Step By Step,3,Top,0,-864.7993,-2.2904,12940.1522,36.7623,-20998.0969
Story5,Ex,LinStatic,Step By Step,3,Bottom,0,-864.7993,-2.2904,12940.1522,43.6335,-23592.4948
Story5,Ey,LinStatic,Step By Step,1,Top,0,-0.933,-888.5657,-29156.1586,21380.8194,-14.6647
Story5,Ey,LinStatic,Step By Step,1,Bottom,0,-0.933,-888.5657,-29156.1586,24046.5165,-17.4637
Story5,Ey,LinStatic,Step By Step,2,Top,0,-0.9937,-889.9448,-29992.2019,21402.9513,-15.6596
Story5,Ey,LinStatic,Step By Step,2,Bottom,0,-0.9937,-889.9448,-29992.2019,24072.7858,-18.6407
Story5,Ey,LinStatic,Step By Step,3,Top,0,-0.8723,-887.1866,-28320.1153,21358.6875,-13.6699
Story5,Ey,LinStatic,Step By Step,3,Bottom,0,-0.8723,-887.1866,-28320.1153,24020.2473,-16.2867
Story5,Qx,LinRespSpec,Max,,Top,0,764.8708,42.8829,14036.5434,774.0284,14406.9467
Story5,Qx,LinRespSpec,Max,,Bottom,0,764.8708,42.8829,14036.5434,834.5368,15568.4775
Story5,Qy,LinRespSpec,Max,,Top,0,44.4761,502.8314,14623.2613,9639.1282,805.7743
Story5,Qy,LinRespSpec,Max,,Bottom,0,44.4761,502.8314,14623.2613,10460.7163,862.5921
Story5,Qx-Servicio (R=6),LinRespSpec,Max,,Top,0,460.4567,25.8158,8450.0827,465.9697,8673.0676
Story5,Qx-Servicio (R=6),LinRespSpec,Max,,Bottom,0,460.4567,25.8158,8450.0827,502.3961,9372.3161
Story5,Qy-Servicio (R=6),LinRespSpec,Max,,Top,0,25.2482,285.4477,8301.3438,5471.9474,457.4225
Story5,Qy-Servicio (R=6),LinRespSpec,Max,,Bottom,0,25.2482,285.4477,8301.3438,5938.3471,489.6769
Story5,EU-F,Combination,Max,,Top,22749.166,1167.3018,773.4569,28249.1671,363988.9966,-381935.4299
Story5,EU-F,Combination,Max,,Bottom,22904.6079,1167.3018,773.4569,28249.1671,366476.5433,-382955.7677
Story5,EU-F,Combination,Min,,Top,12609.5378,-1167.3522,-773.6952,-28255.0687,186946.8959,-728700.809
Story5,EU-F,Combination,Min,,Bottom,12695.6969,-1167.3522,-773.6952,-28255.0687,187066.0965,-733731.0703
Story5,ES-F,Combination,Max,,Top,17920.0156,817.3343,541.6376,19844.6841,294522.7672,-251631.6546
Story5,ES-F,Combination,Max,,Bottom,18038.2624,817.3343,541.6376,19844.6841,297078.6666,-252237.097
Story5,ES-F,Combination,Min,,Top,8335.9444,-817.3727,-541.8183,-19849.157,123007.1944,-585568.7998
Story5,ES-F,Combination,Min,,Bottom,8392.9027,-817.3727,-541.8183,-19849.157,123036.6723,-590326.6382
Story4,Ex,LinStatic,Step By Step,1,Top,0,-879.8285,-0.9815,14013.1916,17.3642,-23591.3178
Story4,Ex,LinStatic,Step By Step,1,Bottom,0,-879.8285,-0.9815,14013.1916,20.3088,-26230.8033
Story4,Ex,LinStatic,Step By Step,2,Top,0,-879.7634,0.5161,14868.8843,-8.9051,-23590.1408
Story4,Ex,LinStatic,Step By Step,2,Bottom,0,-879.7634,0.5161,14868.8843,-10.4533,-26229.4311
Story4,Ex,LinStatic,Step By Step,3,Top,0,-879.8936,-2.4792,13157.4988,43.6335,-23592.4948
Story4,Ex,LinStatic,Step By Step,3,Bottom,0,-879.8936,-2.4792,13157.4988,51.071,-26232.1755
Story4,Ey,LinStatic,Step By Step,1,Top,0,-1.0061,-905.7235,-29766.6289,24046.5165,-17.4637
Story4,Ey,LinStatic,Step By Step,1,Bottom,0,-1.0061,-905.7235,-29766.6289,26763.6869,-20.4819
Story4,Ey,LinStatic,Step By Step,2,Top,0,-1.0711,-907.2211,-30622.3216,24072.7858,-18.6407
Story4,Ey,LinStatic,Step By Step,2,Bottom,0,-1.0711,-907.2211,-30622.3216,26794.449,-21.8541
Story4,Ey,LinStatic,Step By Step,3,Top,0,-0.941,-904.2258,-28910.9362,24020.2473,-16.2867
Story4,Ey,LinStatic,Step By Step,3,Bottom,0,-0.941,-904.2258,-28910.9362,26732.9248,-19.1097
Story4,Qx,LinRespSpec,Max,,Top,0,828.6337,45.8781,15136.3099,834.5368,15568.4775
Story4,Qx,LinRespSpec,Max,,Bottom,0,828.6337,45.8781,15136.3099,909.4018,16954.415
Story4,Qy,LinRespSpec,Max,,Top,0,48.7284,553.3732,15759.2868,10460.7163,862.5921
Story4,Qy,LinRespSpec,Max,,Bottom,0,48.7284,553.3732,15759.2868,11417.1528,934.4212
Story4,Qx-Servicio (R=6),LinRespSpec,Max,,Top,0,498.8424,27.6189,9112.1486,502.3961,9372.3161
Story4,Qx-Servicio (R=6),LinRespSpec,Max,,Bottom,0,498.8424,27.6189,9112.1486,547.4653,10206.6587
Story4,Qy-Servicio (R=6),LinRespSpec,Max,,Top,0,27.6622,314.1393,8946.2436,5938.3471,489.6769
Story4,Qy-Servicio (R=6),LinRespSpec,Max,,Bottom,0,27.6622,314.1393,8946.2436,6481.2977,530.4529
Story4,EU-F,Combination,Max,,Top,24282.8095,1264.8589,850.61,30447.9043,388527.769,-407401.0657
Story4,EU-F,Combination,Max,,Bottom,24438.2513,1264.8589,850.61,30447.9043,391015.3556,-408078.0406
Story4,EU-F,Combination,Min,,Top,13459.6144,-1264.9115,-850.8684,-30454.3378,199288.776,-777833.4121
Story4,EU-F,Combination,Min,,Bottom,13545.7736,-1264.9115,-850.8684,-30454.3378,199199.2658,-782863.6775
Story4,ES-F,Combination,Max,,Top,19086.6801,885.6457,595.6601,21389.3066,313853.3491,-268397.4552
Story4,ES-F,Combination,Max,,Bottom,19204.9269,885.6457,595.6601,21389.3066,316519.2555,-268762.4684
Story4,ES-F,Combination,Min,,Top,8897.9152,-885.6855,-595.856,-21394.1836,131116.8715,-623875.9197
Story4,ES-F,Combination,Min,,Bottom,8954.8735,-885.6855,-595.856,-21394.1836,131000.1792,-628814.6456
Story3,Ex,LinStatic,Step By Step,1,Top,0,-890.5365,-1.0482,14180.3293,20.3088,-26230.8033
Story3,Ex,LinStatic,Step By Step,1,Bottom,0,-890.5365,-1.0482,14180.3293,23.4535,-28902.4127
Story3,Ex,LinStatic,Step By Step,2,Top,0,-890.4675,0.5738,15052.2518,-10.4533,-26229.4311
Story3,Ex,LinStatic,Step By Step,2,Bottom,0,-890.4675,0.5738,15052.2518,-12.1747,-28900.8335
Story3,Ex,LinStatic,Step By Step,3,Top,0,-890.6054,-2.6703,13308.4068,51.071,-26232.1755
Story3,Ex,LinStatic,Step By Step,3,Bottom,0,-890.6054,-2.6703,13308.4068,59.0818,-28903.9919
Story3,Ey,LinStatic,Step By Step,1,Top,0,-1.0734,-918.634,-30244.5621,26763.6869,-20.4819
Story3,Ey,LinStatic,Step By Step,1,Bottom,0,-1.0734,-918.634,-30244.5621,29519.5889,-23.7021
Story3,Ey,LinStatic,Step By Step,2,Top,0,-1.1424,-920.256,-31116.4846,26794.449,-21.8541
Story3,Ey,LinStatic,Step By Step,2,Bottom,0,-1.1424,-920.256,-31116.4846,29555.2172,-25.2813
Story3,Ey,LinStatic,Step By Step,3,Top,0,-1.0044,-917.012,-29372.6396,26732.9248,-19.1097
Story3,Ey,LinStatic,Step By Step,3,Bottom,0,-1.0044,-917.012,-29372.6396,29483.9607,-22.1229
Story3,Qx,LinRespSpec,Max,,Top,0,881.3168,49.1191,16068.3446,909.4018,16954.415
Story3,Qx,LinRespSpec,Max,,Bottom,0,881.3168,49.1191,16068.3446,999.0914,18584.9991
Story3,Qy,LinRespSpec,Max,,Top,0,52.2704,601.5358,16965.5829,11417.1528,934.4212
Story3,Qy,LinRespSpec,Max,,Bottom,0,52.2704,601.5358,16965.5829,12534.7947,1023.26
Story3,Qx-Servicio (R=6),LinRespSpec,Max,,Top,0,530.5579,29.57,9673.2391,547.4653,10206.6587
Story3,Qx-Servicio (R=6),LinRespSpec,Max,,Bottom,0,530.5579,29.57,9673.2391,601.459,11188.28
Story3,Qy-Servicio (R=6),LinRespSpec,Max,,Top,0,29.6729,341.4803,9631.0346,6481.2977,530.4529
Story3,Qy-Servicio (R=6),LinRespSpec,Max,,Bottom,0,29.6729,341.4803,9631.0346,7115.7615,580.885
Story3,EU-F,Combination,Max,,Top,25816.4529,1345.477,924.3063,32676.5978,413066.5814,-432523.3387
Story3,EU-F,Combination,Max,,Bottom,25971.8947,1345.477,924.3063,32676.5978,415554.2008,-432825.6907
Story3,EU-F,Combination,Min,,Top,14309.691,-1345.5308,-924.5811,-32683.4833,211421.9452,-826966.0193
Story3,EU-F,Combination,Min,,Bottom,14395.8502,-1345.5308,-924.5811,-32683.4833,211083.9738,-831996.2872
Story3,ES-F,Combination,Max,,Top,20253.3445,942.0961,647.2639,22954.0587,333293.9379,-284922.8266
Story3,ES-F,Combination,Max,,Bottom,20371.5913,942.0961,647.2639,22954.0587,336129.3982,-285025.5187
Story3,ES-F,Combination,Min,,Top,9459.886,-942.1369,-647.4723,-22959.2786,139080.3784,-662363.9271
Story3,ES-F,Combination,Min,,Bottom,9516.8443,-942.1369,-647.4723,-22959.2786,138789.6884,-667500.0082
Story2,Ex,LinStatic,Step By Step,1,Top,0,-897.3213,-1.1092,14285.0947,23.4535,-28902.4127
Story2,Ex,LinStatic,Step By Step,1,Bottom,0,-897.3213,-1.1092,14285.0947,26.7812,-31594.3766
Story2,Ex,LinStatic,Step By Step,2,Top,0,-897.2492,0.6459,15170.44,-12.1747,-28900.8335
Story2,Ex,LinStatic,Step By Step,2,Bottom,0,-897.2492,0.6459,15170.44,-14.1124,-31592.581
Story2,Ex,LinStatic,Step By Step,3,Top,0,-897.3935,-2.8644,13399.7493,59.0818,-28903.9919
Story2,Ex,LinStatic,Step By Step,3,Bottom,0,-897.3935,-2.8644,13399.7493,67.6748,-31596.1722
Story2,Ey,LinStatic,Step By Step,1,Top,0,-1.129,-927.829,-30608.7029,29519.5889,-23.7021
Story2,Ey,LinStatic,Step By Step,1,Bottom,0,-1.129,-927.829,-30608.7029,32303.0759,-27.0892
Story2,Ey,LinStatic,Step By Step,2,Top,0,-1.2012,-929.5841,-31494.0483,29555.2172,-25.2813
Story2,Ey,LinStatic,Step By Step,2,Bottom,0,-1.2012,-929.5841,-31494.0483,32343.9695,-28.8849
Story2,Ey,LinStatic,Step By Step,3,Top,0,-1.0569,-926.0739,-29723.3576,29483.9607,-22.1229
Story2,Ey,LinStatic,Step By Step,3,Bottom,0,-1.0569,-926.0739,-29723.3576,32262.1822,-25.2936
Story2,Qx,LinRespSpec,Max,,Top,0,921.0694,52.3341,16805.8134,999.0914,18584.9991
Story2,Qx,LinRespSpec,Max,,Bottom,0,921.0694,52.3341,16805.8134,1103.7384,20451.4033
Story2,Qy,LinRespSpec,Max,,Top,0,54.8191,642.9147,18142.0859,12534.7947,1023.26
Story2,Qy,LinRespSpec,Max,,Bottom,0,54.8191,642.9147,18142.0859,13824.055,1128.7105
Story2,Qx-Servicio (R=6),LinRespSpec,Max,,Top,0,554.4893,31.5055,10117.1996,601.459,11188.28
Story2,Qx-Servicio (R=6),LinRespSpec,Max,,Bottom,0,554.4893,31.5055,10117.1996,664.4571,12311.8665
Story2,Qy-Servicio (R=6),LinRespSpec,Max,,Top,0,31.1198,364.9703,10298.9127,7115.7615,580.885
Story2,Qy-Servicio (R=6),LinRespSpec,Max,,Bottom,0,31.1198,364.9703,10298.9127,7847.6498,640.7472
Story2,EU-F,Combination,Max,,Top,27350.0963,1406.2525,987.8182,34773.1145,437605.4266,-457270.9887
Story2,EU-F,Combination,Max,,Bottom,27505.5381,1406.2525,987.8182,34773.1145,440711.8973,-457212.1364
Story2,EU-F,Combination,Min,,Top,15159.7677,-1406.3073,-988.1018,-34780.2684,223306.6532,-876098.6291
Story2,EU-F,Combination,Min,,Bottom,15245.9268,-1406.3073,-988.1018,-34780.2684,222704.5332,-881128.8988
Story2,ES-F,Combination,Max,,Top,21420.009,984.6517,691.7384,24425.3116,353250.5999,-301185.8768
Story2,ES-F,Combination,Max,,Bottom,21538.2558,984.6517,691.7384,24425.3116,356569.2827,-301035.6428
Story2,ES-F,Combination,Min,,Top,10021.8567,-984.6932,-691.9535,-24430.7351,146869.8876,-701049.2897
Story2,ES-F,Combination,Min,,Bottom,10078.815,-984.6932,-691.9535,-24430.7351,146394.2185,-706375.6569
Story1,Ex,LinStatic,Step By Step,1,Top,0,-900.8747,-1.1678,14338.3516,26.7812,-31594.3766
Story1,Ex,LinStatic,Step By Step,1,Bottom,0,-900.8747,-1.1678,14338.3516,32.0361,-35648.3128
Story1,Ex,LinStatic,Step By Step,2,Top,0,-900.8003,0.7386,15235.5148,-14.1124,-31592.581
Story1,Ex,LinStatic,Step By Step,2,Bottom,0,-900.8003,0.7386,15235.5148,-17.4361,-35646.1823
Story1,Ex,LinStatic,Step By Step,3,Top,0,-900.9491,-3.0741,13441.1883,67.6748,-31596.1722
Story1,Ex,LinStatic,Step By Step,3,Bottom,0,-900.9491,-3.0741,13441.1883,81.5083,-35650.4434
Story1,Ey,LinStatic,Step By Step,1,Top,0,-1.1713,-934.1824,-30892.8025,32303.0759,-27.0892
Story1,Ey,LinStatic,Step By Step,1,Bottom,0,-1.1713,-934.1824,-30892.8025,36506.8965,-32.3599
Story1,Ey,LinStatic,Step By Step,2,Top,0,-1.2457,-936.0887,-31789.9658,32343.9695,-28.8849
Story1,Ey,LinStatic,Step By Step,2,Bottom,0,-1.2457,-936.0887,-31789.9658,36556.3687,-34.4905
Story1,Ey,LinStatic,Step By Step,3,Top,0,-1.0968,-932.276,-29995.6393,32262.1822,-25.2936
Story1,Ey,LinStatic,Step By Step,3,Bottom,0,-1.0968,-932.276,-29995.6393,36457.4244,-30.2294
Story1,Qx,LinRespSpec,Max,,Top,0,947.1196,54.9883,17315.469,1103.7384,20451.4033
Story1,Qx,LinRespSpec,Max,,Bottom,0,947.1196,54.9883,17315.469,1285.8164,23619.9306
Story1,Qy,LinRespSpec,Max,,Top,0,56.3142,673.5227,19158.0163,13824.055,1128.7105
Story1,Qy,LinRespSpec,Max,,Bottom,0,56.3142,673.5227,19158.0163,16048.4342,1312.3795
Story1,Qx-Servicio (R=6),LinRespSpec,Max,,Top,0,570.1717,33.1033,10424.0154,664.4571,12311.8665
Story1,Qx-Servicio (R=6),LinRespSpec,Max,,Bottom,0,570.1717,33.1033,10424.0154,774.0691,14219.3388
Story1,Qy-Servicio (R=6),LinRespSpec,Max,,Top,0,31.9685,382.3459,10875.6369,7847.6498,640.7472
Story1,Qy-Servicio (R=6),LinRespSpec,Max,,Bottom,0,31.9685,382.3459,10875.6369,9110.387,745.0126
Story1,EU-F,Combination,Max,,Top,28883.7397,1445.9995,1034.924,36526.3362,462144.2894,-481657.4345
Story1,EU-F,Combination,Max,,Bottom,29116.903,1445.9995,1034.924,36526.3362,468513.4682,-481004.3127
Story1,EU-F,Combination,Min,,Top,16009.8443,-1446.0574,-1035.2091,-36533.5417,234927.2127,-925231.2407
Story1,EU-F,Combination,Min,,Bottom,16139.0834,-1446.0574,-1035.2091,-36533.5417,233577.0078,-932776.6637
Story1,ES-F,Combination,Max,,Top,22586.6734,1012.4821,724.7258,25655.1158,373690.4845,-317196.001
Story1,ES-F,Combination,Max,,Bottom,22764.0441,1012.4821,724.7258,25655.1158,378981.5652,-316575.1318
Story1,ES-F,Combination,Min,,Top,10583.8275,-1012.526,-724.942,-25660.5784,154474.4177,-740211.1313
Story1,ES-F,Combination,Min,,Bottom,10669.2652,-1012.526,-724.942,-25660.5784,153447.8708,-749455.3411
